{
    "items": [
        {
            "Name": "GlobalComponents",
            "TextColor": {
                "r": 0.0,
                "g": 0.0,
                "b": 0.0,
                "a": 1.0
            },
            "FontSize": 12,
            "FontStyle": 0,
            "ImageColor": {
                "r": 0.05490196496248245,
                "g": 0.4274510145187378,
                "b": 0.7960785031318665,
                "a": 1.0
            },
            "ImageType": 2
        }
    ]
}